season,id,result,start_date,last_update_at,home_team,competition_name,away_team,market,competition_cluster,prediction,status,federation,is_expired,odds
2018 - 2019,40586,0 - 2,2018-12-01T12:30:00,2018-12-01T12:15:21.956000,Pomorie,Second PFL,Strumska Slava Radomir,classic,Bulgaria,1X,lost,UEFA,True,"{'1': 1.975, 'X': 3.11, '2': 3.18, '1X': 1.26, 'X2': 1.625, '12': 1.27}"
2018 - 2019,40101,4 - 0,2018-12-01T12:00:00,2018-12-01T09:16:17.282000,FC Koln,2. Bundesliga,Greuther Furth,classic,Germany,1,won,UEFA,True,"{'1': 1.367, 'X': 4.834, '2': 7.38, '1X': 1.081, 'X2': 2.951, '12': 1.146}"
2018 - 2019,40103,1 - 1,2018-12-01T12:00:00,2018-12-01T09:16:17.282000,Sankt Pauli,2. Bundesliga,Dynamo Dresden,classic,Germany,1X,won,UEFA,True,"{'1': 1.96, 'X': 3.334, '2': 3.804, '1X': 1.249, 'X2': 1.77, '12': 1.286}"
2018 - 2019,40154,2 - 1,2018-12-01T12:00:00,2018-12-01T09:16:17.282000,Sloboda Tuzla,Premier League,Mladost Doboj Kakanj,classic,Bosnia and Herzegovina,12,won,UEFA,True,"{'1': 1.908, 'X': 3.283, '2': 3.515, '1X': 1.25, 'X2': 1.75, '12': 1.275}"
2018 - 2019,40184,0 - 0,2018-12-01T12:00:00,2018-12-01T09:16:17.282000,Mornar Bar,Prva Liga,Zeta Golubovci,classic,Montenegro,2,lost,UEFA,True,"{'1': 3.827, 'X': 2.96, '2': 1.92, '1X': 1.713, 'X2': 1.2, '12': 1.317}"
2018 - 2019,40187,3 - 0,2018-12-01T12:00:00,2018-12-01T09:16:17.282000,Sutjeska Niksic,Prva Liga,Grbalj Radanovici,classic,Montenegro,1X,won,UEFA,True,"{'1': 1.79, 'X': 2.91, '2': 4.05, '1X': 1.18, 'X2': 1.69, '12': 1.28}"
2018 - 2019,40062,0 - 1,2018-12-01T12:30:00,2018-12-01T12:15:21.956000,Sheffield United,Championship,Leeds,classic,England,12,won,UEFA,True,"{'1': 2.297, 'X': 3.384, '2': 3.097, '1X': 1.354, 'X2': 1.59, '12': 1.29}"
2018 - 2019,40095,1 - 1,2018-12-01T13:00:00,2018-12-01T12:15:21.956000,Grenoble Foot 38,Ligue 2,Metz,classic,France,1X,won,UEFA,True,"{'1': 2.607, 'X': 2.884, '2': 2.824, '1X': 1.397, 'X2': 1.456, '12': 1.353}"
2018 - 2019,40108,1 - 2,2018-12-01T13:00:00,2018-12-01T12:15:21.956000,Preussen Munster,3. Liga,Hallescher,classic,Germany,1X,lost,UEFA,True,"{'1': 2.556, 'X': 3.163, '2': 2.639, '1X': 1.441, 'X2': 1.47, '12': 1.287}"
2018 - 2019,40158,4 - 1,2018-12-01T13:00:00,2018-12-01T12:15:21.956000,Botev Plovdiv,First PFL,Beroe Stara Zagora,classic,Bulgaria,12,won,UEFA,True,"{'1': 2.589, 'X': 3.157, '2': 2.529, '1X': 1.464, 'X2': 1.451, '12': 1.296}"
2018 - 2019,40171,2 - 0,2018-12-01T13:00:00,2018-12-01T12:15:21.956000,Platanias FC,Football League,AO Trikala,classic,Greece,1,won,UEFA,True,"{'1': 1.646, 'X': 3.35, '2': 4.83, '1X': 1.143, 'X2': 2.06, '12': 1.26}"
2018 - 2019,40200,2 - 0,2018-12-01T12:00:00,2018-12-01T09:16:17.282000,Warta Poznan,First League,Puszcza Niepolomice,classic,Poland,12,won,UEFA,True,"{'1': 3.029, 'X': 2.974, '2': 2.345, '1X': 1.53, 'X2': 1.335, '12': 1.327}"
2018 - 2019,40242,1 - 0,2018-12-01T13:00:00,2018-12-01T09:16:17.282000,FC Nitra,Superliga,FK Senica,classic,Slovakia,1,won,UEFA,True,"{'1': 1.705, 'X': 3.568, '2': 4.2, '1X': 1.183, 'X2': 1.997, '12': 1.228}"
2018 - 2019,40252,1 - 0,2018-12-01T13:00:00,2018-12-01T12:15:21.956000,Antalyaspor,Super Lig,Goztepe,classic,Turkey,1X,won,UEFA,True,"{'1': 2.454, 'X': 3.197, '2': 2.901, '1X': 1.39, 'X2': 1.521, '12': 1.293}"
2018 - 2019,40257,0 - 0,2018-12-01T13:00:00,2018-12-01T12:15:21.956000,Balikesirspor,TFF First League,Denizlispor,classic,Turkey,12,lost,UEFA,True,"{'1': 2.567, 'X': 3.332, '2': 2.548, '1X': 1.473, 'X2': 1.454, '12': 1.283}"
2018 - 2019,40249,2 - 0,2018-12-01T18:00:00,2018-12-01T15:13:15.273000,Sion,Swiss Super League,Luzern,classic,Switzerland,12,won,UEFA,True,"{'1': 2.147, 'X': 3.539, '2': 3.029, '1X': 1.36, 'X2': 1.637, '12': 1.259}"
2018 - 2019,40150,1 - 1,2018-12-01T19:00:00,2018-12-01T15:13:15.273000,Zulte Waregem,First Division A,Oostende,classic,Belgium,1,lost,UEFA,True,"{'1': 1.699, 'X': 3.989, '2': 4.377, '1X': 1.193, 'X2': 2.099, '12': 1.216}"
2018 - 2019,40175,1 - 1,2018-12-01T16:00:00,2018-12-01T15:13:15.273000,Szombathelyi Haladas,NB I,Diosgyori,classic,Hungary,1X,won,UEFA,True,"{'1': 1.982, 'X': 3.348, '2': 3.542, '1X': 1.268, 'X2': 1.742, '12': 1.272}"
2018 - 2019,40168,1 - 1,2018-12-01T17:00:00,2018-12-01T15:13:15.273000,Apollon Smyrni,Super League,Atromitos Athens,classic,Greece,2,lost,UEFA,True,"{'1': 5.543, 'X': 3.197, '2': 1.727, '1X': 2.016, 'X2': 1.133, '12': 1.303}"
2018 - 2019,40111,2 - 2,2018-12-01T14:00:00,2018-12-01T12:15:21.956000,SPAL,Serie A,Empoli,classic,Italy,12,lost,UEFA,True,"{'1': 2.406, 'X': 3.247, '2': 3.017, '1X': 1.374, 'X2': 1.556, '12': 1.311}"
2018 - 2019,40116,1 - 0,2018-12-01T14:00:00,2018-12-01T12:15:21.956000,Cremonese,Serie B,Crotone,classic,Italy,1X,won,UEFA,True,"{'1': 2.397, 'X': 2.953, '2': 3.07, '1X': 1.341, 'X2': 1.523, '12': 1.336}"
2018 - 2019,40160,1 - 2,2018-12-01T14:00:00,2018-12-01T12:15:21.956000,NK Osijek,Prva HNL,HNK Rijeka,classic,Croatia,1X,lost,UEFA,True,"{'1': 2.471, 'X': 3.146, '2': 2.743, '1X': 1.415, 'X2': 1.468, '12': 1.308}"
2018 - 2019,40201,0 - 2,2018-12-01T14:00:00,2018-12-01T12:15:21.956000,Chrobry Glogow,First League,Wigry Suwalki,classic,Poland,1X,lost,UEFA,True,"{'1': 2.181, 'X': 3.151, '2': 3.153, '1X': 1.316, 'X2': 1.609, '12': 1.3}"
2018 - 2019,40253,0 - 1,2018-12-01T13:00:00,2018-12-01T12:15:21.956000,Istanbul Basaksehir,Super Lig,Sivasspor,classic,Turkey,1,lost,UEFA,True,"{'1': 1.509, 'X': 4.044, '2': 6.423, '1X': 1.104, 'X2': 2.461, '12': 1.199}"
2018 - 2019,40596,4 - 1,2018-12-01T14:00:00,2018-12-01T12:15:21.956000,SP Tre Penne,Campionato Sammarinese,SS Virtus,classic,San Marino,1,won,UEFA,True,"{'1': 1.125, 'X': 7.5, '2': 11.5, '1X': None, 'X2': None, '12': None}"
2018 - 2019,40058,2 - 0,2018-12-01T15:00:00,2018-12-01T12:15:21.956000,Leicester,Premier League,Watford,classic,England,1X,won,UEFA,True,"{'1': 2.223, 'X': 3.287, '2': 3.43, '1X': 1.309, 'X2': 1.659, '12': 1.317}"
2018 - 2019,40063,3 - 0,2018-12-01T15:00:00,2018-12-01T12:15:21.956000,Birmingham,Championship,Preston,classic,England,1X,won,UEFA,True,"{'1': 2.347, 'X': 3.201, '2': 3.12, '1X': 1.346, 'X2': 1.569, '12': 1.316}"
2018 - 2019,40067,3 - 1,2018-12-01T15:00:00,2018-12-01T12:15:21.956000,Norwich,Championship,Rotherham,classic,England,1,won,UEFA,True,"{'1': 1.419, 'X': 4.517, '2': 7.909, '1X': 1.077, 'X2': 2.794, '12': 1.174}"
2018 - 2019,40069,2 - 3,2018-12-01T15:00:00,2018-12-01T12:15:21.956000,Queens Park Rangers,Championship,Hull City,classic,England,12,won,UEFA,True,"{'1': 1.919, 'X': 3.403, '2': 4.216, '1X': 1.21, 'X2': 1.854, '12': 1.287}"
2018 - 2019,40074,2 - 2,2018-12-01T15:00:00,2018-12-01T12:15:21.956000,Eastleigh,National League,Dover Athletic,classic,England,1X,won,UEFA,True,"{'1': 1.886, 'X': 3.313, '2': 3.941, '1X': 1.226, 'X2': 1.824, '12': 1.277}"
2018 - 2019,40099,1 - 2,2018-12-01T14:30:00,2018-12-01T12:15:21.956000,Werder Bremen,Bundesliga,Bayern Munchen,classic,Germany,2,won,UEFA,True,"{'1': 7.211, 'X': 5.05, '2': 1.396, '1X': 2.951, 'X2': 1.096, '12': 1.147}"
2018 - 2019,40193,2 - 1,2018-12-01T15:00:00,2018-12-01T12:15:21.956000,Ballymena United,NIFL Premiership,Linfield,classic,Northern Ireland,2,lost,UEFA,True,"{'1': 3.404, 'X': 3.506, '2': 1.927, '1X': 1.764, 'X2': 1.266, '12': 1.25}"
2018 - 2019,40194,5 - 1,2018-12-01T15:00:00,2018-12-01T12:15:21.956000,Cliftonville,NIFL Premiership,Dungannon Swifts,classic,Northern Ireland,1,won,UEFA,True,"{'1': 1.531, 'X': 3.986, '2': 5.124, '1X': 1.128, 'X2': 2.26, '12': 1.208}"
2018 - 2019,40195,3 - 3,2018-12-01T15:00:00,2018-12-01T12:15:21.956000,Glenavon,NIFL Premiership,Institute,classic,Northern Ireland,1,lost,UEFA,True,"{'1': 1.3, 'X': 5.01, '2': 7.789, '1X': 1.063, 'X2': 3.114, '12': 1.121}"
2018 - 2019,40224,1 - 0,2018-12-01T15:00:00,2018-12-01T09:16:17.282000,Queen of the South,Championship,Partick Thistle,classic,Scotland,12,won,UEFA,True,"{'1': 2.092, 'X': 3.492, '2': 3.112, '1X': 1.325, 'X2': 1.647, '12': 1.255}"
2018 - 2019,40226,4 - 1,2018-12-01T15:00:00,2018-12-01T12:15:21.956000,Dumbarton,League One,Brechin City,classic,Scotland,12,won,UEFA,True,"{'1': 2.06, 'X': 3.436, '2': 3.164, '1X': 1.31, 'X2': 1.676, '12': 1.256}"
2018 - 2019,40234,5 - 2,2018-12-01T15:00:00,2018-12-01T09:16:17.282000,Stirling Albion,League Two,Elgin City,classic,Scotland,12,won,UEFA,True,"{'1': 2.273, 'X': 3.372, '2': 2.82, '1X': 1.373, 'X2': 1.543, '12': 1.273}"
2018 - 2019,40064,4 - 2,2018-12-01T15:00:00,2018-12-01T12:15:21.956000,Blackburn,Championship,Sheffield Wednesday,classic,England,12,won,UEFA,True,"{'1': 1.926, 'X': 3.496, '2': 4.034, '1X': 1.234, 'X2': 1.847, '12': 1.266}"
2018 - 2019,40075,2 - 2,2018-12-01T15:00:00,2018-12-01T12:15:21.956000,Fylde,National League,Sutton United,classic,England,1X,won,UEFA,True,"{'1': 2.049, 'X': 3.211, '2': 3.453, '1X': 1.27, 'X2': 1.693, '12': 1.296}"
2018 - 2019,40077,2 - 0,2018-12-01T15:00:00,2018-12-01T12:15:21.956000,Leyton Orient,National League,Gateshead,classic,England,1,won,UEFA,True,"{'1': 1.707, 'X': 3.557, '2': 4.539, '1X': 1.174, 'X2': 2.029, '12': 1.246}"
2018 - 2019,40090,2 - 2,2018-12-01T16:00:00,2018-12-01T15:13:15.273000,Lille,Ligue 1,Lyonnais,classic,France,1X,won,UEFA,True,"{'1': 2.706, 'X': 3.387, '2': 2.56, '1X': 1.501, 'X2': 1.454, '12': 1.287}"
2018 - 2019,40129,2 - 4,2018-12-01T15:15:00,2018-12-01T15:13:15.273000,Valladolid,Primera Division,Leganes,classic,Spain,1X,lost,UEFA,True,"{'1': 2.367, 'X': 3.01, '2': 3.407, '1X': 1.312, 'X2': 1.578, '12': 1.372}"
2018 - 2019,40132,4 - 3,2018-12-01T16:00:00,2018-12-01T15:13:15.273000,Deportivo Fabril,Segunda Division B Group 1,Real Madrid Castilla,classic,Spain,12,won,UEFA,True,"{'1': 2.818, 'X': 3.162, '2': 2.316, '1X': 1.508, 'X2': 1.36, '12': 1.294}"
2018 - 2019,40143,2 - 0,2018-12-01T16:00:00,2018-12-01T15:13:15.273000,Austria Wien,Bundesliga,Sankt Polten,classic,Austria,1,won,UEFA,True,"{'1': 1.756, 'X': 3.637, '2': 4.327, '1X': 1.2, 'X2': 1.993, '12': 1.237}"
2018 - Second Stage,40152,2 - 0,2018-12-01T16:00:00,2018-12-01T15:13:15.273000,Westerlo,First Division B,Roeselare,classic,Belgium,12,won,UEFA,True,"{'1': 1.942, 'X': 3.393, '2': 3.528, '1X': 1.258, 'X2': 1.775, '12': 1.265}"
2018 - 2019,40159,3 - 0,2018-12-01T15:30:00,2018-12-01T15:13:15.273000,Levski Sofia,First PFL,Dunav Ruse,classic,Bulgaria,1,won,UEFA,True,"{'1': 1.131, 'X': 6.889, '2': 14.626, '1X': 1.023, 'X2': 4.657, '12': 1.067}"
2018 - 2019,40167,4 - 2,2018-12-01T15:15:00,2018-12-01T15:13:15.273000,Larissa,Super League,Panionios,classic,Greece,1X,won,UEFA,True,"{'1': 2.406, 'X': 2.826, '2': 3.283, '1X': 1.314, 'X2': 1.516, '12': 1.371}"
2018 - 2019,40174,0 - 1,2018-12-01T16:00:00,2018-12-01T15:13:15.273000,MTK Budapest,NB I,Debreceni,classic,Hungary,1X,lost,UEFA,True,"{'1': 2.335, 'X': 3.287, '2': 2.82, '1X': 1.392, 'X2': 1.543, '12': 1.273}"
2018 - 2019,40196,2 - 2,2018-12-01T15:00:00,2018-12-01T12:15:21.956000,Glentoran,NIFL Premiership,Crusaders,classic,Northern Ireland,2,lost,UEFA,True,"{'1': 4.57, 'X': 3.829, '2': 1.609, '1X': 2.108, 'X2': 1.154, '12': 1.214}"
2018 - 2019,40205,0 - 1,2018-12-01T15:30:00,2018-12-01T15:13:15.273000,Maritimo,Primeira Liga,Vitoria Setubal,classic,Portugal,1X,lost,UEFA,True,"{'1': 2.348, 'X': 3.1, '2': 3.088, '1X': 1.347, 'X2': 1.55, '12': 1.332}"
2018 - 2019,40112,0 - 3,2018-12-01T17:00:00,2018-12-01T15:13:15.273000,Fiorentina,Serie A,Juventus,classic,Italy,2,won,UEFA,True,"{'1': 5.674, 'X': 3.769, '2': 1.631, '1X': 2.234, 'X2': 1.143, '12': 1.241}"
2018 - 2019,40148,3 - 1,2018-12-01T17:00:00,2018-12-01T15:13:15.273000,Charleroi,First Division A,Cercle Brugge,classic,Belgium,1,won,UEFA,True,"{'1': 1.611, 'X': 3.881, '2': 5.201, '1X': 1.147, 'X2': 2.224, '12': 1.223}"
2018 - 2019,40161,1 - 4,2018-12-01T16:30:00,2018-12-01T15:13:15.273000,Rudes Zagreb,Prva HNL,Hajduk Split,classic,Croatia,2,won,UEFA,True,"{'1': 10.827, 'X': 5.27, '2': 1.239, '1X': 3.6, 'X2': 1.038, '12': 1.115}"
2018 - 2019,40165,2 - 1,2018-12-01T16:00:00,2018-12-01T15:13:15.273000,FC Slovacko,First League,Sparta Prague,classic,Czech Republic,2,lost,UEFA,True,"{'1': 4.38, 'X': 3.342, '2': 1.803, '1X': 1.915, 'X2': 1.19, '12': 1.277}"
2018 - 2019,40178,1 - 0,2018-12-01T16:15:00,2018-12-01T15:13:15.273000,M.S. Ashdod,Premier League,Ironi Kiryat Shmona,classic,Israel,2,lost,UEFA,True,"{'1': 3.49, 'X': 3.036, '2': 2.038, '1X': 1.668, 'X2': 1.258, '12': 1.31}"
2018 - 2019,40247,1 - 2,2018-12-01T16:15:00,2018-12-01T15:13:15.273000,NK Domzale,1. SNL,NK Maribor,classic,Slovenia,2,won,UEFA,True,"{'1': 3.24, 'X': 3.621, '2': 1.911, '1X': 1.761, 'X2': 1.297, '12': 1.22}"
2018 - 2019,40251,1 - 2,2018-12-01T16:30:00,2018-12-01T15:13:15.273000,Kriens,Challenge League,Winterthur,classic,Switzerland,12,won,UEFA,True,"{'1': 2.477, 'X': 3.504, '2': 2.48, '1X': 1.476, 'X2': 1.48, '12': 1.247}"
2018 - 2019,40254,0 - 2,2018-12-01T16:00:00,2018-12-01T15:13:15.273000,Kayserispor,Super Lig,Trabzonspor,classic,Turkey,2,won,UEFA,True,"{'1': 3.31, 'X': 3.53, '2': 2.079, '1X': 1.704, 'X2': 1.303, '12': 1.256}"
2018 - 2019,40131,2 - 0,2018-12-01T19:45:00,2018-12-01T15:13:15.273000,Real Madrid,Primera Division,Valencia,classic,Spain,1,won,UEFA,True,"{'1': 1.542, 'X': 4.307, '2': 5.942, '1X': 1.133, 'X2': 2.462, '12': 1.197}"
2018 - 2019,40061,2 - 2,2018-12-01T17:30:00,2018-12-01T15:13:15.273000,Southampton,Premier League,Manchester United,classic,England,2,lost,UEFA,True,"{'1': 4.133, 'X': 3.507, '2': 1.934, '1X': 1.856, 'X2': 1.237, '12': 1.284}"
2018 - 2019,40071,0 - 3,2018-12-01T17:30:00,2018-12-01T15:13:15.273000,Middlesbrough,Championship,Aston Villa,classic,England,12,won,UEFA,True,"{'1': 2.09, 'X': 3.29, '2': 3.694, '1X': 1.271, 'X2': 1.71, '12': 1.3}"
2018 - 2019,40100,1 - 1,2018-12-01T17:30:00,2018-12-01T15:13:15.273000,Hoffenheim,Bundesliga,Schalke 04,classic,Germany,1,lost,UEFA,True,"{'1': 1.781, 'X': 3.933, '2': 4.2, '1X': 1.22, 'X2': 2.003, '12': 1.234}"
2018 - 2019,40117,3 - 1,2018-12-01T17:00:00,2018-12-01T15:13:15.273000,Ascoli,Serie B,Spezia,classic,Italy,1X,won,UEFA,True,"{'1': 2.513, 'X': 2.867, '2': 2.981, '1X': 1.346, 'X2': 1.489, '12': 1.361}"
2018 - 2019,40130,3 - 0,2018-12-01T17:30:00,2018-12-01T15:13:15.273000,Getafe,Primera Division,Espanyol,classic,Spain,1X,won,UEFA,True,"{'1': 2.347, 'X': 3.038, '2': 3.405, '1X': 1.312, 'X2': 1.587, '12': 1.365}"
2018 - 2019,40140,2 - 2,2018-12-01T17:00:00,2018-12-01T15:13:15.273000,Barcelona B,Segunda Division B Group 3,Valencia Mestalla,classic,Spain,1X,won,UEFA,True,"{'1': 1.803, 'X': 3.178, '2': 4.077, '1X': 1.183, 'X2': 1.812, '12': 1.28}"
2018 - 2019,40163,2 - 1,2018-12-01T17:00:00,2018-12-01T15:13:15.273000,AEL Limassol,First Division,Omonia Nicosia,classic,Cyprus,12,won,UEFA,True,"{'1': 1.995, 'X': 3.287, '2': 3.303, '1X': 1.298, 'X2': 1.685, '12': 1.273}"
2018 - 2019,40169,1 - 1,2018-12-01T17:30:00,2018-12-01T15:13:15.273000,PAS Giannina,Super League,OFI Crete,classic,Greece,1X,won,UEFA,True,"{'1': 1.959, 'X': 3.013, '2': 4.287, '1X': 1.194, 'X2': 1.76, '12': 1.34}"
2018 - 2019,40250,2 - 0,2018-12-01T18:00:00,2018-12-01T15:13:15.273000,Thun,Swiss Super League,St. Gallen,classic,Switzerland,12,won,UEFA,True,"{'1': 1.897, 'X': 3.764, '2': 3.517, '1X': 1.273, 'X2': 1.83, '12': 1.234}"
2018 - 2019,40092,0 - 0,2018-12-01T19:00:00,2018-12-01T15:13:15.273000,Guingamp,Ligue 1,Nice,classic,France,1X,won,UEFA,True,"{'1': 2.779, 'X': 3.113, '2': 2.661, '1X': 1.461, 'X2': 1.436, '12': 1.33}"
2018 - 2019,40093,1 - 2,2018-12-01T19:00:00,2018-12-01T15:13:15.273000,Monaco,Ligue 1,Montpellier,classic,France,1X,lost,UEFA,True,"{'1': 2.606, 'X': 3.2, '2': 2.769, '1X': 1.437, 'X2': 1.489, '12': 1.317}"
2018 - 2019,40149,1 - 0,2018-12-01T19:00:00,2018-12-01T15:13:15.273000,Kortrijk,First Division A,Royal Excel Mouscron,classic,Belgium,1,won,UEFA,True,"{'1': 1.647, 'X': 4.034, '2': 4.636, '1X': 1.174, 'X2': 2.164, '12': 1.213}"
2018 - 2019,40176,0 - 3,2018-12-01T18:30:00,2018-12-01T15:13:15.273000,Paksi,NB I,Ferencvarosi,classic,Hungary,2,won,UEFA,True,"{'1': 5.803, 'X': 3.943, '2': 1.517, '1X': 2.378, 'X2': 1.118, '12': 1.207}"
2018 - 2019,40189,0 - 2,2018-12-01T18:45:00,2018-12-01T15:13:15.273000,AZ Alkmaar,Eredivisie,Willem II Tilburg,classic,Netherlands,1,lost,UEFA,True,"{'1': 1.386, 'X': 4.983, '2': 6.786, '1X': 1.1, 'X2': 2.9, '12': 1.144}"
2018 - 2019,40206,4 - 0,2018-12-01T18:00:00,2018-12-01T15:13:15.273000,Benfica,Primeira Liga,Feirense,classic,Portugal,1,won,UEFA,True,"{'1': 1.152, 'X': 7.442, '2': 14.23, '1X': 1.028, 'X2': 4.902, '12': 1.056}"
2018 - 2019,40214,4 - 1,2018-12-01T18:00:00,2018-12-01T15:13:15.273000,Viitorul Constanta,Liga I,Dinamo Bucuresti,classic,Romania,1X,won,UEFA,True,"{'1': 2.007, 'X': 3.179, '2': 3.653, '1X': 1.251, 'X2': 1.732, '12': 1.31}"
2018 - 2019,40248,1 - 0,2018-12-01T18:15:00,2018-12-01T15:13:15.273000,NK Krsko,1. SNL,ND Gorica,classic,Slovenia,1X,won,UEFA,True,"{'1': 2.409, 'X': 3.061, '2': 2.74, '1X': 1.387, 'X2': 1.486, '12': 1.313}"
2018 - 2019,40157,2 - 2,2018-12-01T10:30:00,2018-12-01T09:16:17.282000,Vereya Stara Zagora,First PFL,Lokomotiv Plovdiv,classic,Bulgaria,2,lost,UEFA,True,"{'1': 6.911, 'X': 4.163, '2': 1.403, '1X': 2.646, 'X2': 1.091, '12': 1.18}"
2018 - 2019,40113,4 - 1,2018-12-01T19:30:00,2018-12-01T15:13:15.273000,Sampdoria,Serie A,Bologna,classic,Italy,1X,won,UEFA,True,"{'1': 1.959, 'X': 3.324, '2': 4.124, '1X': 1.23, 'X2': 1.829, '12': 1.293}"
2018 - 2019,40199,3 - 0,2018-12-01T19:30:00,2018-12-01T15:13:15.273000,Legia Warszawa,Ekstraklasa,Korona Kielce,classic,Poland,1,won,UEFA,True,"{'1': 1.721, 'X': 3.649, '2': 4.564, '1X': 1.184, 'X2': 2.046, '12': 1.243}"
2018 - 2019,40325,2 - 1,2018-12-01T19:30:00,2018-12-01T09:16:17.282000,Sporting Gijon,Segunda Division,Tenerife,classic,Spain,1X,won,UEFA,True,"{'1': 1.95, 'X': 3.006, '2': 4.25, '1X': 1.207, 'X2': 1.767, '12': 1.333}"
2018 - 2019,40207,2 - 0,2018-12-01T20:30:00,2018-12-01T15:13:15.273000,SC Braga,Primeira Liga,Moreirense,classic,Portugal,1,won,UEFA,True,"{'1': 1.36, 'X': 4.733, '2': 7.837, '1X': 1.072, 'X2': 2.99, '12': 1.157}"
2018 - 2019,40126,1 - 0,2018-12-01T17:30:00,2018-11-30T21:13:33.422000,Alma Juventus Fano,Serie C,Rimini,classic,Italy,1X,won,UEFA,True,"{'1': 2.98, 'X': 2.947, '2': 2.347, '1X': 1.518, 'X2': 1.337, '12': 1.328}"
2018 - 2019,40256,2 - 3,2018-12-01T10:30:00,2018-11-29T21:13:11.175000,Boluspor,TFF First League,Adana Demirspor,classic,Turkey,1X,lost,UEFA,True,"{'1': 2.085, 'X': 3.232, '2': 3.42, '1X': 1.283, 'X2': 1.682, '12': 1.292}"
2018 - 2019,40238,1 - 1,2018-12-01T14:30:00,2018-11-30T15:14:35.752000,Mladost Lucani,SuperLiga,Partizan Belgrade,classic,Serbia,2,lost,UEFA,True,"{'1': 5.874, 'X': 3.814, '2': 1.46, '1X': 2.414, 'X2': 1.094, '12': 1.198}"
2018 - 2019,40255,1 - 2,2018-12-01T10:30:00,2018-11-30T15:14:35.752000,Altay,TFF First League,Altinordu,classic,Turkey,1X,lost,UEFA,True,"{'1': 2.195, 'X': 3.212, '2': 3.185, '1X': 1.333, 'X2': 1.618, '12': 1.283}"
2018 - 2019,40119,0 - 0,2018-12-01T13:30:00,2018-11-30T15:14:35.752000,Gubbio,Serie C,Monza 1912,classic,Italy,1X,won,UEFA,True,"{'1': 2.305, 'X': 2.928, '2': 3.07, '1X': 1.317, 'X2': 1.538, '12': 1.333}"
2018 - 2019,40228,2 - 0,2018-12-01T15:00:00,2018-11-30T21:13:33.422000,Raith Rovers,League One,Airdrie United,classic,Scotland,1,won,UEFA,True,"{'1': 1.751, 'X': 3.711, '2': 3.937, '1X': 1.21, 'X2': 1.959, '12': 1.221}"
2018 - 2019,40260,1 - 1,2018-12-01T15:00:00,2018-11-30T21:13:33.422000,Arsenal Kiev,Premier League,Karpaty Lvov,classic,Ukraine,2,lost,UEFA,True,"{'1': 3.229, 'X': 3.07, '2': 2.169, '1X': 1.612, 'X2': 1.298, '12': 1.3}"
2018 - 2019,40068,2 - 0,2018-12-01T15:00:00,2018-11-30T21:13:33.422000,Nottingham,Championship,Ipswich,classic,England,1,won,UEFA,True,"{'1': 1.643, 'X': 3.689, '2': 5.759, '1X': 1.13, 'X2': 2.214, '12': 1.247}"
2018 - 2019,40156,3 - 1,2018-12-01T15:00:00,2018-11-30T21:13:33.422000,FK Sarajevo,Premier League,Celik Zenica,classic,Bosnia and Herzegovina,1,won,UEFA,True,"{'1': 1.182, 'X': 5.846, '2': 9.91, '1X': 1.035, 'X2': 3.75, '12': 1.095}"
2018 - 2019,40065,1 - 1,2018-12-01T15:00:00,2018-11-30T21:13:33.422000,Bolton,Championship,Wigan,classic,England,1X,won,UEFA,True,"{'1': 3.153, 'X': 3.171, '2': 2.364, '1X': 1.56, 'X2': 1.349, '12': 1.321}"
2018 - 2019,40582,4 - 0,2018-12-01T10:00:00,2018-12-01T03:14:21.540000,Banants,Premier League,Shirak,classic,Armenia,1X,won,UEFA,True,"{'1': 2.397, 'X': 3.177, '2': 2.587, '1X': 1.407, 'X2': 1.46, '12': 1.28}"
2018 - 2019,40109,2 - 0,2018-12-01T13:00:00,2018-12-01T09:16:17.282000,Wehen Wiesbaden,3. Liga,Sportfreunde Lotte,classic,Germany,1,won,UEFA,True,"{'1': 1.521, 'X': 4.069, '2': 5.46, '1X': 1.13, 'X2': 2.353, '12': 1.196}"
2018 - 2019,40185,1 - 2,2018-12-01T14:30:00,2018-12-01T09:16:17.282000,OFK Petrovac,Prva Liga,Iskra Danilovgrad,classic,Montenegro,1X,lost,UEFA,True,"{'1': 2.513, 'X': 2.797, '2': 2.74, '1X': 1.353, 'X2': 1.43, '12': 1.347}"
2018 - 2019,40212,1 - 1,2018-12-01T15:00:00,2018-12-01T09:16:17.282000,Vitoria Guimaraes B,Segunda Liga,Oliveirense,classic,Portugal,1X,won,UEFA,True,"{'1': 2.26, 'X': 3.085, '2': 3.065, '1X': 1.335, 'X2': 1.563, '12': 1.308}"
2018 - 2019,40057,1 - 2,2018-12-01T15:00:00,2018-12-01T09:16:17.282000,Huddersfield,Premier League,Brighton,classic,England,1X,lost,UEFA,True,"{'1': 2.423, 'X': 2.97, '2': 3.393, '1X': 1.316, 'X2': 1.561, '12': 1.379}"
2018 - 2019,40229,2 - 1,2018-12-01T15:00:00,2018-12-01T09:16:17.282000,Stranraer,League One,Forfar Athletic,classic,Scotland,12,won,UEFA,True,"{'1': 2.719, 'X': 3.467, '2': 2.296, '1X': 1.54, 'X2': 1.403, '12': 1.253}"
2018 - 2019,40210,0 - 0,2018-12-01T15:00:00,2018-12-01T09:16:17.282000,Cova da Piedade,Segunda Liga,Famalicao,classic,Portugal,1X,won,UEFA,True,"{'1': 2.948, 'X': 3.012, '2': 2.37, '1X': 1.513, 'X2': 1.353, '12': 1.335}"
2018 - 2019,40211,0 - 0,2018-12-01T15:00:00,2018-12-01T09:16:17.282000,Varzim,Segunda Liga,Academico de Viseu,classic,Portugal,12,lost,UEFA,True,"{'1': 2.422, 'X': 3.005, '2': 2.862, '1X': 1.372, 'X2': 1.507, '12': 1.323}"
2018 - 2019,40136,2 - 0,2018-12-01T17:30:00,2018-12-01T09:16:17.282000,Gernika Club,Segunda Division B Group 2,Arenas Club de Getxo,classic,Spain,1X,won,UEFA,True,"{'1': 2.443, 'X': 2.815, '2': 2.912, '1X': 1.335, 'X2': 1.457, '12': 1.345}"
2018 - 2019,40209,2 - 0,2018-12-01T15:00:00,2018-12-01T09:16:17.282000,Academica Coimbra,Segunda Liga,Arouca,classic,Portugal,12,won,UEFA,True,"{'1': 2.165, 'X': 3.03, '2': 3.317, '1X': 1.285, 'X2': 1.625, '12': 1.312}"
2018 - 2019,40141,2 - 1,2018-12-01T16:00:00,2018-12-01T09:16:17.282000,Recreativo Huelva,Segunda Division B Group 4,Sevilla Atletico,classic,Spain,1,won,UEFA,True,"{'1': 1.793, 'X': 3.213, '2': 4.193, '1X': 1.18, 'X2': 1.83, '12': 1.275}"
2018 - 2019,40114,3 - 1,2018-12-01T14:00:00,2018-12-01T09:16:17.282000,Cittadella,Serie B,Salernitana,classic,Italy,1X,won,UEFA,True,"{'1': 1.964, 'X': 3.076, '2': 4.031, '1X': 1.213, 'X2': 1.76, '12': 1.32}"
2018 - 2019,40236,0 - 1,2018-12-01T12:00:00,2018-12-01T09:16:17.282000,Rad Belgrade,SuperLiga,Vojvodina Novi Sad,classic,Serbia,12,won,UEFA,True,"{'1': 2.892, 'X': 3.032, '2': 2.258, '1X': 1.532, 'X2': 1.34, '12': 1.31}"
2018 - 2019,40120,1 - 1,2018-12-01T13:30:00,2018-12-01T09:16:17.282000,Sudtirol,Serie C,Pordenone,classic,Italy,12,lost,UEFA,True,"{'1': 2.435, 'X': 2.925, '2': 2.87, '1X': 1.36, 'X2': 1.477, '12': 1.332}"
2018 - 2019,40135,2 - 2,2018-12-01T16:00:00,2018-12-01T09:16:17.282000,Leioa,Segunda Division B Group 2,Izarra,classic,Spain,1,lost,UEFA,True,"{'1': 1.64, 'X': 3.475, '2': 4.727, '1X': 1.143, 'X2': 1.997, '12': 1.245}"
2018 - 2019,40066,2 - 1,2018-12-01T15:00:00,2018-12-01T09:16:17.282000,Derby County,Championship,Swansea,classic,England,12,won,UEFA,True,"{'1': 1.917, 'X': 3.45, '2': 4.238, '1X': 1.212, 'X2': 1.865, '12': 1.287}"
2018 - 2019,40246,6 - 2,2018-12-01T12:30:00,2018-12-01T09:16:17.282000,NK Aluminij Kidricevo,1. SNL,Olimpija Ljubljana,classic,Slovenia,2,lost,UEFA,True,"{'1': 4.825, 'X': 3.927, '2': 1.55, '1X': 2.225, 'X2': 1.148, '12': 1.195}"
2018 - 2019,40225,5 - 2,2018-12-01T15:00:00,2018-12-01T09:16:17.282000,Arbroath,League One,Stenhousemuir,classic,Scotland,1,won,UEFA,True,"{'1': 1.289, 'X': 5.133, '2': 8.254, '1X': 1.05, 'X2': 3.247, '12': 1.114}"
2018 - 2019,40233,2 - 1,2018-12-01T15:00:00,2018-12-01T09:16:17.282000,Peterhead,League Two,Annan Athletic,classic,Scotland,1,won,UEFA,True,"{'1': 1.502, 'X': 3.94, '2': 5.753, '1X': 1.11, 'X2': 2.353, '12': 1.203}"
2018 - 2019,40218,3 - 0,2018-12-01T15:00:00,2018-12-01T09:16:17.282000,Kilmarnock,Premiership,Hibernian,classic,Scotland,12,won,UEFA,True,"{'1': 2.693, 'X': 3.197, '2': 2.583, '1X': 1.48, 'X2': 1.447, '12': 1.318}"
2018 - 2019,40216,postp,2018-12-01T13:30:00,2018-12-01T09:16:17.282000,FC Orenburg,Premier League,Krylya Sovetov Samara,classic,Russia,1X,postponed,UEFA,True,"{'1': 2.145, 'X': 2.918, '2': 3.727, '1X': 1.255, 'X2': 1.652, '12': 1.36}"
2018 - 2019,40121,2 - 2,2018-12-01T13:30:00,2018-12-01T09:16:17.282000,Teramo,Serie C,Renate,classic,Italy,1X,won,UEFA,True,"{'1': 2.053, 'X': 2.985, '2': 3.568, '1X': 1.248, 'X2': 1.663, '12': 1.32}"
2018 - 2019,40245,2 - 2,2018-12-01T14:30:00,2018-12-01T09:16:17.282000,MSK Zilina,Superliga,DAC Dunajska Streda,classic,Slovakia,1X,won,UEFA,True,"{'1': 2.317, 'X': 3.34, '2': 2.673, '1X': 1.405, 'X2': 1.533, '12': 1.262}"
2018 - 2019,40096,2 - 0,2018-12-01T14:30:00,2018-12-01T09:16:17.282000,Borussia Dortmund,Bundesliga,Freiburg,classic,Germany,1,won,UEFA,True,"{'1': 1.337, 'X': 5.137, '2': 8.896, '1X': 1.064, 'X2': 3.247, '12': 1.14}"
2018 - 2019,40231,3 - 3,2018-12-01T15:00:00,2018-12-01T09:16:17.282000,Clyde,League Two,Berwick Rangers,classic,Scotland,1,lost,UEFA,True,"{'1': 1.272, 'X': 5.28, '2': 8.682, '1X': 1.043, 'X2': 3.307, '12': 1.12}"
2018 - 2019,40097,0 - 2,2018-12-01T14:30:00,2018-12-01T09:16:17.282000,Hannover,Bundesliga,Hertha Berlin,classic,Germany,12,won,UEFA,True,"{'1': 2.641, 'X': 3.42, '2': 2.599, '1X': 1.489, 'X2': 1.474, '12': 1.293}"
2018 - 2019,40180,1 - 3,2018-12-01T19:00:00,2018-12-01T09:16:17.282000,Maccabi Haifa,Premier League,Hapoel Haifa,classic,Israel,1,lost,UEFA,True,"{'1': 1.774, 'X': 3.234, '2': 4.232, '1X': 1.186, 'X2': 1.892, '12': 1.276}"
2018 - 2019,40177,0 - 1,2018-12-01T14:00:00,2018-12-01T09:16:17.282000,Bnei Yehuda,Premier League,Bnei Sakhnin,classic,Israel,1,lost,UEFA,True,"{'1': 1.724, 'X': 3.256, '2': 4.502, '1X': 1.168, 'X2': 1.954, '12': 1.27}"
2018 - 2019,40222,3 - 0,2018-12-01T15:00:00,2018-12-01T09:16:17.282000,Dunfermline Athletic,Championship,Greenock Morton,classic,Scotland,1,won,UEFA,True,"{'1': 1.68, 'X': 3.657, '2': 4.552, '1X': 1.167, 'X2': 2.077, '12': 1.222}"
2018 - 2019,40118,2 - 4,2018-12-01T13:30:00,2018-12-01T09:16:17.282000,Giana Erminio,Serie C,FeralpiSalo,classic,Italy,12,won,UEFA,True,"{'1': 2.465, 'X': 2.873, '2': 2.86, '1X': 1.358, 'X2': 1.467, '12': 1.35}"
2018 - 2019,40137,0 - 0,2018-12-01T15:00:00,2018-12-01T09:16:17.282000,Espanyol B,Segunda Division B Group 3,Ebro,classic,Spain,1X,won,UEFA,True,"{'1': 1.92, 'X': 3.09, '2': 3.797, '1X': 1.212, 'X2': 1.722, '12': 1.295}"
2018 - 2019,40181,1 - 1,2018-12-01T19:00:00,2018-12-01T09:16:17.282000,Maccabi Petah Tikva,Premier League,Maccabi Tel Aviv,classic,Israel,2,lost,UEFA,True,"{'1': 6.122, 'X': 3.716, '2': 1.474, '1X': 2.4, 'X2': 1.102, '12': 1.206}"
2018 - 2019,40243,3 - 0,2018-12-01T13:00:00,2018-12-01T09:16:17.282000,MFK Zemplin Michalovce,Superliga,Zlate Moravce,classic,Slovakia,1X,won,UEFA,True,"{'1': 1.805, 'X': 3.535, '2': 3.708, '1X': 1.237, 'X2': 1.855, '12': 1.242}"
2018 - 2019,40321,1 - 1,2018-12-01T15:00:00,2018-12-01T09:16:17.282000,Cordoba,Segunda Division,Elche,classic,Spain,1X,won,UEFA,True,"{'1': 2.2, 'X': 3.086, '2': 3.319, '1X': 1.306, 'X2': 1.623, '12': 1.321}"
2018 - 2019,40164,1 - 1,2018-12-01T14:00:00,2018-12-01T09:16:17.282000,Mlada Boleslav,First League,Karvina,classic,Czech Republic,1,lost,UEFA,True,"{'1': 1.63, 'X': 3.957, '2': 4.605, '1X': 1.172, 'X2': 2.16, '12': 1.207}"
2018 - 2019,40220,1 - 3,2018-12-01T15:00:00,2018-12-01T09:16:17.282000,Saint Mirren,Premiership,Hamilton Academical,classic,Scotland,12,won,UEFA,True,"{'1': 2.22, 'X': 3.192, '2': 3.255, '1X': 1.327, 'X2': 1.625, '12': 1.313}"
2018 - 2019,40261,3 - 0,2018-12-01T14:30:00,2018-12-01T09:16:17.282000,Connah's Quay Nomads,Premier League,Llandudno FC,classic,Wales,1,won,UEFA,True,"{'1': 1.267, 'X': 5.132, '2': 8.915, '1X': 1.043, 'X2': 3.297, '12': 1.117}"
2018 - 2019,40221,0 - 1,2018-12-01T15:00:00,2018-12-01T09:16:17.282000,Alloa Athletic,Championship,Ross County,classic,Scotland,2,won,UEFA,True,"{'1': 4.675, 'X': 3.703, '2': 1.653, '1X': 2.082, 'X2': 1.158, '12': 1.225}"
2018 - 2019,40056,2 - 0,2018-12-01T15:00:00,2018-12-01T09:16:17.282000,Crystal Palace,Premier League,Burnley,classic,England,1,won,UEFA,True,"{'1': 1.554, 'X': 3.957, '2': 6.75, '1X': 1.11, 'X2': 2.454, '12': 1.224}"
2018 - 2019,40208,2 - 1,2018-12-01T11:00:00,2018-12-01T09:16:17.282000,Mafra,Segunda Liga,Porto B,classic,Portugal,1X,won,UEFA,True,"{'1': 2.257, 'X': 3.16, '2': 3.013, '1X': 1.34, 'X2': 1.573, '12': 1.297}"
2018 - 2019,40073,0 - 2,2018-12-01T15:00:00,2018-12-01T12:15:21.956000,Braintree,National League,Barrow,classic,England,2,won,UEFA,True,"{'1': 2.963, 'X': 3.237, '2': 2.273, '1X': 1.569, 'X2': 1.354, '12': 1.284}"
2018 - 2019,40162,2 - 0,2018-12-01T15:00:00,2018-12-01T12:15:21.956000,Alki Oroklini,First Division,Nea Salamina Famagusta,classic,Cyprus,2,lost,UEFA,True,"{'1': 5.463, 'X': 3.737, '2': 1.503, '1X': 2.335, 'X2': 1.12, '12': 1.202}"
2018 - 2019,40098,1 - 0,2018-12-01T14:30:00,2018-12-01T12:15:21.956000,Stuttgart,Bundesliga,Augsburg,classic,Germany,1X,won,UEFA,True,"{'1': 2.611, 'X': 3.38, '2': 2.656, '1X': 1.457, 'X2': 1.49, '12': 1.299}"
2018 - 2019,40060,0 - 3,2018-12-01T15:00:00,2018-12-01T12:15:21.956000,Newcastle,Premier League,West Ham,classic,England,12,won,UEFA,True,"{'1': 2.496, 'X': 3.266, '2': 2.961, '1X': 1.404, 'X2': 1.534, '12': 1.313}"
2018 - 2019,40072,0 - 2,2018-12-01T15:00:00,2018-12-01T12:15:21.956000,Aldershot,National League,Ebbsfleet United,classic,England,1X,lost,UEFA,True,"{'1': 2.649, 'X': 3.146, '2': 2.561, '1X': 1.46, 'X2': 1.447, '12': 1.291}"
2018 - 2019,40192,1 - 1,2018-12-01T15:00:00,2018-12-01T12:15:21.956000,Ards FC,NIFL Premiership,Warrenpoint Town,classic,Northern Ireland,12,lost,UEFA,True,"{'1': 2.447, 'X': 3.333, '2': 2.563, '1X': 1.441, 'X2': 1.483, '12': 1.264}"
2018 - 2019,40059,3 - 1,2018-12-01T15:00:00,2018-12-01T12:15:21.956000,Manchester City,Premier League,Bournemouth,classic,England,1,won,UEFA,True,"{'1': 1.111, 'X': 10.129, '2': 22.346, '1X': 1.013, 'X2': 6.295, '12': 1.035}"
